{
  "ABIRoot": {
    "kind": "Root",
    "name": "TopLevel",
    "printedName": "TopLevel",
    "children": [
      {
        "kind": "Import",
        "name": "UIKit",
        "printedName": "UIKit",
        "declKind": "Import",
        "moduleName": "HappyConfetti",
        "declAttributes": [
          "RawDocComment"
        ]
      },
      {
        "kind": "TypeDecl",
        "name": "Confetti",
        "printedName": "Confetti",
        "children": [
          {
            "kind": "Constructor",
            "name": "init",
            "printedName": "init()",
            "children": [
              {
                "kind": "TypeNominal",
                "name": "Confetti",
                "printedName": "HappyConfetti.Confetti",
                "usr": "s:13HappyConfetti0B0C"
              }
            ],
            "declKind": "Constructor",
            "usr": "s:13HappyConfetti0B0CACycfc",
            "mangledName": "$s13HappyConfetti0B0CACycfc",
            "moduleName": "HappyConfetti",
            "declAttributes": [
              "AccessControl"
            ],
            "init_kind": "Designated"
          },
          {
            "kind": "Function",
            "name": "fireConfetti",
            "printedName": "fireConfetti(on:)",
            "children": [
              {
                "kind": "TypeNominal",
                "name": "Void",
                "printedName": "()"
              },
              {
                "kind": "TypeNominal",
                "name": "UIView",
                "printedName": "UIKit.UIView",
                "usr": "c:objc(cs)UIView"
              }
            ],
            "declKind": "Func",
            "usr": "s:13HappyConfetti0B0C04fireB02onySo6UIViewC_tFZ",
            "mangledName": "$s13HappyConfetti0B0C04fireB02onySo6UIViewC_tFZ",
            "moduleName": "HappyConfetti",
            "static": true,
            "declAttributes": [
              "Final",
              "AccessControl"
            ],
            "funcSelfKind": "NonMutating"
          },
          {
            "kind": "Function",
            "name": "removeConfetti",
            "printedName": "removeConfetti()",
            "children": [
              {
                "kind": "TypeNominal",
                "name": "Void",
                "printedName": "()"
              }
            ],
            "declKind": "Func",
            "usr": "s:13HappyConfetti0B0C06removeB0yyFZ",
            "mangledName": "$s13HappyConfetti0B0C06removeB0yyFZ",
            "moduleName": "HappyConfetti",
            "static": true,
            "declAttributes": [
              "Final",
              "AccessControl"
            ],
            "funcSelfKind": "NonMutating"
          }
        ],
        "declKind": "Class",
        "usr": "s:13HappyConfetti0B0C",
        "mangledName": "$s13HappyConfetti0B0C",
        "moduleName": "HappyConfetti",
        "declAttributes": [
          "AccessControl"
        ]
      },
      {
        "kind": "Import",
        "name": "Foundation",
        "printedName": "Foundation",
        "declKind": "Import",
        "moduleName": "HappyConfetti"
      },
      {
        "kind": "Import",
        "name": "UIKit",
        "printedName": "UIKit",
        "declKind": "Import",
        "moduleName": "HappyConfetti"
      },
      {
        "kind": "Import",
        "name": "SwiftUI",
        "printedName": "SwiftUI",
        "declKind": "Import",
        "moduleName": "HappyConfetti"
      },
      {
        "kind": "Import",
        "name": "DeveloperToolsSupport",
        "printedName": "DeveloperToolsSupport",
        "declKind": "Import",
        "moduleName": "HappyConfetti"
      }
    ],
    "json_format_version": 8
  },
  "ConstValues": [
    {
      "filePath": "\/Users\/sasa\/Library\/Developer\/Xcode\/DerivedData\/HappyConfetti-hhvmgezvddtfywakgblzawanwxny\/Build\/Intermediates.noindex\/ArchiveIntermediates\/HappyConfetti\/IntermediateBuildFilesPath\/HappyConfetti.build\/Release-iphoneos\/HappyConfetti.build\/DerivedSources\/GeneratedAssetSymbols.swift",
      "kind": "StringLiteral",
      "offset": 822,
      "length": 10,
      "value": "\"confetti\""
    }
  ]
}