{
  "ABIRoot": {
    "kind": "Root",
    "name": "TopLevel",
    "printedName": "TopLevel",
    "children": [
      {
        "kind": "Import",
        "name": "UIKit",
        "printedName": "UIKit",
        "declKind": "Import",
        "moduleName": "HappyConfetti",
        "declAttributes": [
          "RawDocComment"
        ]
      },
      {
        "kind": "TypeDecl",
        "name": "SmileyShape",
        "printedName": "SmileyShape",
        "children": [
          {
            "kind": "Var",
            "name": "square",
            "printedName": "square",
            "children": [
              {
                "kind": "TypeFunc",
                "name": "Function",
                "printedName": "(HappyConfetti.SmileyShape.Type) -> HappyConfetti.SmileyShape",
                "children": [
                  {
                    "kind": "TypeNominal",
                    "name": "SmileyShape",
                    "printedName": "HappyConfetti.SmileyShape",
                    "usr": "s:13HappyConfetti11SmileyShapeO"
                  },
                  {
                    "kind": "TypeNominal",
                    "name": "Metatype",
                    "printedName": "HappyConfetti.SmileyShape.Type",
                    "children": [
                      {
                        "kind": "TypeNominal",
                        "name": "SmileyShape",
                        "printedName": "HappyConfetti.SmileyShape",
                        "usr": "s:13HappyConfetti11SmileyShapeO"
                      }
                    ]
                  }
                ]
              }
            ],
            "declKind": "EnumElement",
            "usr": "s:13HappyConfetti11SmileyShapeO6squareyA2CmF",
            "mangledName": "$s13HappyConfetti11SmileyShapeO6squareyA2CmF",
            "moduleName": "HappyConfetti"
          },
          {
            "kind": "Var",
            "name": "circle",
            "printedName": "circle",
            "children": [
              {
                "kind": "TypeFunc",
                "name": "Function",
                "printedName": "(HappyConfetti.SmileyShape.Type) -> HappyConfetti.SmileyShape",
                "children": [
                  {
                    "kind": "TypeNominal",
                    "name": "SmileyShape",
                    "printedName": "HappyConfetti.SmileyShape",
                    "usr": "s:13HappyConfetti11SmileyShapeO"
                  },
                  {
                    "kind": "TypeNominal",
                    "name": "Metatype",
                    "printedName": "HappyConfetti.SmileyShape.Type",
                    "children": [
                      {
                        "kind": "TypeNominal",
                        "name": "SmileyShape",
                        "printedName": "HappyConfetti.SmileyShape",
                        "usr": "s:13HappyConfetti11SmileyShapeO"
                      }
                    ]
                  }
                ]
              }
            ],
            "declKind": "EnumElement",
            "usr": "s:13HappyConfetti11SmileyShapeO6circleyA2CmF",
            "mangledName": "$s13HappyConfetti11SmileyShapeO6circleyA2CmF",
            "moduleName": "HappyConfetti"
          },
          {
            "kind": "Function",
            "name": "==",
            "printedName": "==(_:_:)",
            "children": [
              {
                "kind": "TypeNominal",
                "name": "Bool",
                "printedName": "Swift.Bool",
                "usr": "s:Sb"
              },
              {
                "kind": "TypeNominal",
                "name": "SmileyShape",
                "printedName": "HappyConfetti.SmileyShape",
                "usr": "s:13HappyConfetti11SmileyShapeO"
              },
              {
                "kind": "TypeNominal",
                "name": "SmileyShape",
                "printedName": "HappyConfetti.SmileyShape",
                "usr": "s:13HappyConfetti11SmileyShapeO"
              }
            ],
            "declKind": "Func",
            "usr": "s:13HappyConfetti11SmileyShapeO2eeoiySbAC_ACtFZ",
            "mangledName": "$s13HappyConfetti11SmileyShapeO2eeoiySbAC_ACtFZ",
            "moduleName": "HappyConfetti",
            "static": true,
            "implicit": true,
            "funcSelfKind": "NonMutating"
          },
          {
            "kind": "Var",
            "name": "hashValue",
            "printedName": "hashValue",
            "children": [
              {
                "kind": "TypeNominal",
                "name": "Int",
                "printedName": "Swift.Int",
                "usr": "s:Si"
              }
            ],
            "declKind": "Var",
            "usr": "s:13HappyConfetti11SmileyShapeO9hashValueSivp",
            "mangledName": "$s13HappyConfetti11SmileyShapeO9hashValueSivp",
            "moduleName": "HappyConfetti",
            "implicit": true,
            "accessors": [
              {
                "kind": "Accessor",
                "name": "Get",
                "printedName": "Get()",
                "children": [
                  {
                    "kind": "TypeNominal",
                    "name": "Int",
                    "printedName": "Swift.Int",
                    "usr": "s:Si"
                  }
                ],
                "declKind": "Accessor",
                "usr": "s:13HappyConfetti11SmileyShapeO9hashValueSivg",
                "mangledName": "$s13HappyConfetti11SmileyShapeO9hashValueSivg",
                "moduleName": "HappyConfetti",
                "implicit": true,
                "accessorKind": "get"
              }
            ]
          },
          {
            "kind": "Function",
            "name": "hash",
            "printedName": "hash(into:)",
            "children": [
              {
                "kind": "TypeNominal",
                "name": "Void",
                "printedName": "()"
              },
              {
                "kind": "TypeNominal",
                "name": "Hasher",
                "printedName": "Swift.Hasher",
                "paramValueOwnership": "InOut",
                "usr": "s:s6HasherV"
              }
            ],
            "declKind": "Func",
            "usr": "s:13HappyConfetti11SmileyShapeO4hash4intoys6HasherVz_tF",
            "mangledName": "$s13HappyConfetti11SmileyShapeO4hash4intoys6HasherVz_tF",
            "moduleName": "HappyConfetti",
            "implicit": true,
            "funcSelfKind": "NonMutating"
          }
        ],
        "declKind": "Enum",
        "usr": "s:13HappyConfetti11SmileyShapeO",
        "mangledName": "$s13HappyConfetti11SmileyShapeO",
        "moduleName": "HappyConfetti",
        "declAttributes": [
          "AccessControl"
        ],
        "conformances": [
          {
            "kind": "Conformance",
            "name": "Equatable",
            "printedName": "Equatable",
            "usr": "s:SQ",
            "mangledName": "$sSQ"
          },
          {
            "kind": "Conformance",
            "name": "Hashable",
            "printedName": "Hashable",
            "usr": "s:SH",
            "mangledName": "$sSH"
          }
        ]
      },
      {
        "kind": "TypeDecl",
        "name": "Confetti",
        "printedName": "Confetti",
        "children": [
          {
            "kind": "Constructor",
            "name": "init",
            "printedName": "init()",
            "children": [
              {
                "kind": "TypeNominal",
                "name": "Confetti",
                "printedName": "HappyConfetti.Confetti",
                "usr": "s:13HappyConfetti0B0C"
              }
            ],
            "declKind": "Constructor",
            "usr": "s:13HappyConfetti0B0CACycfc",
            "mangledName": "$s13HappyConfetti0B0CACycfc",
            "moduleName": "HappyConfetti",
            "declAttributes": [
              "AccessControl"
            ],
            "init_kind": "Designated"
          },
          {
            "kind": "Function",
            "name": "fire",
            "printedName": "fire(on:shape:)",
            "children": [
              {
                "kind": "TypeNominal",
                "name": "Void",
                "printedName": "()"
              },
              {
                "kind": "TypeNominal",
                "name": "UIView",
                "printedName": "UIKit.UIView",
                "usr": "c:objc(cs)UIView"
              },
              {
                "kind": "TypeNominal",
                "name": "SmileyShape",
                "printedName": "HappyConfetti.SmileyShape",
                "usr": "s:13HappyConfetti11SmileyShapeO"
              }
            ],
            "declKind": "Func",
            "usr": "s:13HappyConfetti0B0C4fire2on5shapeySo6UIViewC_AA11SmileyShapeOtFZ",
            "mangledName": "$s13HappyConfetti0B0C4fire2on5shapeySo6UIViewC_AA11SmileyShapeOtFZ",
            "moduleName": "HappyConfetti",
            "static": true,
            "declAttributes": [
              "Final",
              "AccessControl"
            ],
            "funcSelfKind": "NonMutating"
          },
          {
            "kind": "Function",
            "name": "remove",
            "printedName": "remove()",
            "children": [
              {
                "kind": "TypeNominal",
                "name": "Void",
                "printedName": "()"
              }
            ],
            "declKind": "Func",
            "usr": "s:13HappyConfetti0B0C6removeyyFZ",
            "mangledName": "$s13HappyConfetti0B0C6removeyyFZ",
            "moduleName": "HappyConfetti",
            "static": true,
            "declAttributes": [
              "Final",
              "AccessControl"
            ],
            "funcSelfKind": "NonMutating"
          }
        ],
        "declKind": "Class",
        "usr": "s:13HappyConfetti0B0C",
        "mangledName": "$s13HappyConfetti0B0C",
        "moduleName": "HappyConfetti",
        "declAttributes": [
          "AccessControl"
        ]
      },
      {
        "kind": "Import",
        "name": "Foundation",
        "printedName": "Foundation",
        "declKind": "Import",
        "moduleName": "HappyConfetti"
      },
      {
        "kind": "Import",
        "name": "UIKit",
        "printedName": "UIKit",
        "declKind": "Import",
        "moduleName": "HappyConfetti"
      },
      {
        "kind": "Import",
        "name": "SwiftUI",
        "printedName": "SwiftUI",
        "declKind": "Import",
        "moduleName": "HappyConfetti"
      },
      {
        "kind": "Import",
        "name": "DeveloperToolsSupport",
        "printedName": "DeveloperToolsSupport",
        "declKind": "Import",
        "moduleName": "HappyConfetti"
      }
    ],
    "json_format_version": 8
  },
  "ConstValues": [
    {
      "filePath": "\/Users\/sasa\/Library\/Developer\/Xcode\/DerivedData\/HappyConfetti-hhvmgezvddtfywakgblzawanwxny\/Build\/Intermediates.noindex\/ArchiveIntermediates\/HappyConfetti\/IntermediateBuildFilesPath\/HappyConfetti.build\/Release-iphoneos\/HappyConfetti.build\/DerivedSources\/GeneratedAssetSymbols.swift",
      "kind": "StringLiteral",
      "offset": 822,
      "length": 10,
      "value": "\"confetti\""
    },
    {
      "filePath": "\/Users\/sasa\/Library\/Developer\/Xcode\/DerivedData\/HappyConfetti-hhvmgezvddtfywakgblzawanwxny\/Build\/Intermediates.noindex\/ArchiveIntermediates\/HappyConfetti\/IntermediateBuildFilesPath\/HappyConfetti.build\/Release-iphoneos\/HappyConfetti.build\/DerivedSources\/GeneratedAssetSymbols.swift",
      "kind": "StringLiteral",
      "offset": 991,
      "length": 16,
      "value": "\"round-confetti\""
    }
  ]
}