{
  "ABIRoot": {
    "kind": "Root",
    "name": "TopLevel",
    "printedName": "TopLevel",
    "children": [
      {
        "kind": "Import",
        "name": "UIKit",
        "printedName": "UIKit",
        "declKind": "Import",
        "moduleName": "HappyConfetti",
        "declAttributes": [
          "RawDocComment"
        ]
      },
      {
        "kind": "TypeDecl",
        "name": "SmileyShape",
        "printedName": "SmileyShape",
        "children": [
          {
            "kind": "Var",
            "name": "squareHappy",
            "printedName": "squareHappy",
            "children": [
              {
                "kind": "TypeFunc",
                "name": "Function",
                "printedName": "(HappyConfetti.SmileyShape.Type) -> HappyConfetti.SmileyShape",
                "children": [
                  {
                    "kind": "TypeNominal",
                    "name": "SmileyShape",
                    "printedName": "HappyConfetti.SmileyShape",
                    "usr": "s:13HappyConfetti11SmileyShapeO"
                  },
                  {
                    "kind": "TypeNominal",
                    "name": "Metatype",
                    "printedName": "HappyConfetti.SmileyShape.Type",
                    "children": [
                      {
                        "kind": "TypeNominal",
                        "name": "SmileyShape",
                        "printedName": "HappyConfetti.SmileyShape",
                        "usr": "s:13HappyConfetti11SmileyShapeO"
                      }
                    ]
                  }
                ]
              }
            ],
            "declKind": "EnumElement",
            "usr": "s:13HappyConfetti11SmileyShapeO06squareA0yA2CmF",
            "mangledName": "$s13HappyConfetti11SmileyShapeO06squareA0yA2CmF",
            "moduleName": "HappyConfetti"
          },
          {
            "kind": "Var",
            "name": "circleHappy",
            "printedName": "circleHappy",
            "children": [
              {
                "kind": "TypeFunc",
                "name": "Function",
                "printedName": "(HappyConfetti.SmileyShape.Type) -> HappyConfetti.SmileyShape",
                "children": [
                  {
                    "kind": "TypeNominal",
                    "name": "SmileyShape",
                    "printedName": "HappyConfetti.SmileyShape",
                    "usr": "s:13HappyConfetti11SmileyShapeO"
                  },
                  {
                    "kind": "TypeNominal",
                    "name": "Metatype",
                    "printedName": "HappyConfetti.SmileyShape.Type",
                    "children": [
                      {
                        "kind": "TypeNominal",
                        "name": "SmileyShape",
                        "printedName": "HappyConfetti.SmileyShape",
                        "usr": "s:13HappyConfetti11SmileyShapeO"
                      }
                    ]
                  }
                ]
              }
            ],
            "declKind": "EnumElement",
            "usr": "s:13HappyConfetti11SmileyShapeO06circleA0yA2CmF",
            "mangledName": "$s13HappyConfetti11SmileyShapeO06circleA0yA2CmF",
            "moduleName": "HappyConfetti"
          },
          {
            "kind": "Var",
            "name": "squarePlain",
            "printedName": "squarePlain",
            "children": [
              {
                "kind": "TypeFunc",
                "name": "Function",
                "printedName": "(HappyConfetti.SmileyShape.Type) -> HappyConfetti.SmileyShape",
                "children": [
                  {
                    "kind": "TypeNominal",
                    "name": "SmileyShape",
                    "printedName": "HappyConfetti.SmileyShape",
                    "usr": "s:13HappyConfetti11SmileyShapeO"
                  },
                  {
                    "kind": "TypeNominal",
                    "name": "Metatype",
                    "printedName": "HappyConfetti.SmileyShape.Type",
                    "children": [
                      {
                        "kind": "TypeNominal",
                        "name": "SmileyShape",
                        "printedName": "HappyConfetti.SmileyShape",
                        "usr": "s:13HappyConfetti11SmileyShapeO"
                      }
                    ]
                  }
                ]
              }
            ],
            "declKind": "EnumElement",
            "usr": "s:13HappyConfetti11SmileyShapeO11squarePlainyA2CmF",
            "mangledName": "$s13HappyConfetti11SmileyShapeO11squarePlainyA2CmF",
            "moduleName": "HappyConfetti"
          },
          {
            "kind": "Constructor",
            "name": "init",
            "printedName": "init(rawValue:)",
            "children": [
              {
                "kind": "TypeNominal",
                "name": "Optional",
                "printedName": "HappyConfetti.SmileyShape?",
                "children": [
                  {
                    "kind": "TypeNominal",
                    "name": "SmileyShape",
                    "printedName": "HappyConfetti.SmileyShape",
                    "usr": "s:13HappyConfetti11SmileyShapeO"
                  }
                ],
                "usr": "s:Sq"
              },
              {
                "kind": "TypeNominal",
                "name": "String",
                "printedName": "Swift.String",
                "usr": "s:SS"
              }
            ],
            "declKind": "Constructor",
            "usr": "s:13HappyConfetti11SmileyShapeO8rawValueACSgSS_tcfc",
            "mangledName": "$s13HappyConfetti11SmileyShapeO8rawValueACSgSS_tcfc",
            "moduleName": "HappyConfetti",
            "implicit": true,
            "init_kind": "Designated"
          },
          {
            "kind": "Var",
            "name": "rawValue",
            "printedName": "rawValue",
            "children": [
              {
                "kind": "TypeNominal",
                "name": "String",
                "printedName": "Swift.String",
                "usr": "s:SS"
              }
            ],
            "declKind": "Var",
            "usr": "s:13HappyConfetti11SmileyShapeO8rawValueSSvp",
            "mangledName": "$s13HappyConfetti11SmileyShapeO8rawValueSSvp",
            "moduleName": "HappyConfetti",
            "implicit": true,
            "accessors": [
              {
                "kind": "Accessor",
                "name": "Get",
                "printedName": "Get()",
                "children": [
                  {
                    "kind": "TypeNominal",
                    "name": "String",
                    "printedName": "Swift.String",
                    "usr": "s:SS"
                  }
                ],
                "declKind": "Accessor",
                "usr": "s:13HappyConfetti11SmileyShapeO8rawValueSSvg",
                "mangledName": "$s13HappyConfetti11SmileyShapeO8rawValueSSvg",
                "moduleName": "HappyConfetti",
                "implicit": true,
                "accessorKind": "get"
              }
            ]
          }
        ],
        "declKind": "Enum",
        "usr": "s:13HappyConfetti11SmileyShapeO",
        "mangledName": "$s13HappyConfetti11SmileyShapeO",
        "moduleName": "HappyConfetti",
        "declAttributes": [
          "AccessControl"
        ],
        "enumRawTypeName": "String",
        "conformances": [
          {
            "kind": "Conformance",
            "name": "Equatable",
            "printedName": "Equatable",
            "usr": "s:SQ",
            "mangledName": "$sSQ"
          },
          {
            "kind": "Conformance",
            "name": "Hashable",
            "printedName": "Hashable",
            "usr": "s:SH",
            "mangledName": "$sSH"
          },
          {
            "kind": "Conformance",
            "name": "RawRepresentable",
            "printedName": "RawRepresentable",
            "children": [
              {
                "kind": "TypeWitness",
                "name": "RawValue",
                "printedName": "RawValue",
                "children": [
                  {
                    "kind": "TypeNominal",
                    "name": "String",
                    "printedName": "Swift.String",
                    "usr": "s:SS"
                  }
                ]
              }
            ],
            "usr": "s:SY",
            "mangledName": "$sSY"
          }
        ]
      },
      {
        "kind": "TypeDecl",
        "name": "Confetti",
        "printedName": "Confetti",
        "children": [
          {
            "kind": "Constructor",
            "name": "init",
            "printedName": "init()",
            "children": [
              {
                "kind": "TypeNominal",
                "name": "Confetti",
                "printedName": "HappyConfetti.Confetti",
                "usr": "s:13HappyConfetti0B0C"
              }
            ],
            "declKind": "Constructor",
            "usr": "s:13HappyConfetti0B0CACycfc",
            "mangledName": "$s13HappyConfetti0B0CACycfc",
            "moduleName": "HappyConfetti",
            "declAttributes": [
              "AccessControl"
            ],
            "init_kind": "Designated"
          },
          {
            "kind": "Function",
            "name": "fire",
            "printedName": "fire(on:shape:)",
            "children": [
              {
                "kind": "TypeNominal",
                "name": "Void",
                "printedName": "()"
              },
              {
                "kind": "TypeNominal",
                "name": "UIView",
                "printedName": "UIKit.UIView",
                "usr": "c:objc(cs)UIView"
              },
              {
                "kind": "TypeNominal",
                "name": "SmileyShape",
                "printedName": "HappyConfetti.SmileyShape",
                "usr": "s:13HappyConfetti11SmileyShapeO"
              }
            ],
            "declKind": "Func",
            "usr": "s:13HappyConfetti0B0C4fire2on5shapeySo6UIViewC_AA11SmileyShapeOtFZ",
            "mangledName": "$s13HappyConfetti0B0C4fire2on5shapeySo6UIViewC_AA11SmileyShapeOtFZ",
            "moduleName": "HappyConfetti",
            "static": true,
            "declAttributes": [
              "Final",
              "AccessControl"
            ],
            "funcSelfKind": "NonMutating"
          },
          {
            "kind": "Function",
            "name": "remove",
            "printedName": "remove()",
            "children": [
              {
                "kind": "TypeNominal",
                "name": "Void",
                "printedName": "()"
              }
            ],
            "declKind": "Func",
            "usr": "s:13HappyConfetti0B0C6removeyyFZ",
            "mangledName": "$s13HappyConfetti0B0C6removeyyFZ",
            "moduleName": "HappyConfetti",
            "static": true,
            "declAttributes": [
              "Final",
              "AccessControl"
            ],
            "funcSelfKind": "NonMutating"
          }
        ],
        "declKind": "Class",
        "usr": "s:13HappyConfetti0B0C",
        "mangledName": "$s13HappyConfetti0B0C",
        "moduleName": "HappyConfetti",
        "declAttributes": [
          "AccessControl"
        ]
      },
      {
        "kind": "Import",
        "name": "Foundation",
        "printedName": "Foundation",
        "declKind": "Import",
        "moduleName": "HappyConfetti"
      },
      {
        "kind": "Import",
        "name": "UIKit",
        "printedName": "UIKit",
        "declKind": "Import",
        "moduleName": "HappyConfetti"
      },
      {
        "kind": "Import",
        "name": "SwiftUI",
        "printedName": "SwiftUI",
        "declKind": "Import",
        "moduleName": "HappyConfetti"
      },
      {
        "kind": "Import",
        "name": "DeveloperToolsSupport",
        "printedName": "DeveloperToolsSupport",
        "declKind": "Import",
        "moduleName": "HappyConfetti"
      }
    ],
    "json_format_version": 8
  },
  "ConstValues": [
    {
      "filePath": "\/Users\/sasa\/Library\/Developer\/Xcode\/DerivedData\/HappyConfetti-hhvmgezvddtfywakgblzawanwxny\/Build\/Intermediates.noindex\/ArchiveIntermediates\/HappyConfetti\/IntermediateBuildFilesPath\/HappyConfetti.build\/Release-iphonesimulator\/HappyConfetti.build\/DerivedSources\/GeneratedAssetSymbols.swift",
      "kind": "StringLiteral",
      "offset": 828,
      "length": 13,
      "value": "\"circleHappy\""
    },
    {
      "filePath": "\/Users\/sasa\/Library\/Developer\/Xcode\/DerivedData\/HappyConfetti-hhvmgezvddtfywakgblzawanwxny\/Build\/Intermediates.noindex\/ArchiveIntermediates\/HappyConfetti\/IntermediateBuildFilesPath\/HappyConfetti.build\/Release-iphonesimulator\/HappyConfetti.build\/DerivedSources\/GeneratedAssetSymbols.swift",
      "kind": "StringLiteral",
      "offset": 995,
      "length": 13,
      "value": "\"squareHappy\""
    },
    {
      "filePath": "\/Users\/sasa\/Library\/Developer\/Xcode\/DerivedData\/HappyConfetti-hhvmgezvddtfywakgblzawanwxny\/Build\/Intermediates.noindex\/ArchiveIntermediates\/HappyConfetti\/IntermediateBuildFilesPath\/HappyConfetti.build\/Release-iphonesimulator\/HappyConfetti.build\/DerivedSources\/GeneratedAssetSymbols.swift",
      "kind": "StringLiteral",
      "offset": 1162,
      "length": 13,
      "value": "\"squarePlain\""
    }
  ]
}